,L1,L2,L3,L4,L5
0,c,i,g,a,r
1,r,e,b,u,t
2,s,i,s,s,y
3,h,u,m,p,h
4,a,w,a,k,e
5,b,l,u,s,h
6,f,o,c,a,l
7,e,v,a,d,e
8,n,a,v,a,l
9,s,e,r,v,e
10,h,e,a,t,h
11,d,w,a,r,f
12,m,o,d,e,l
13,k,a,r,m,a
14,s,t,i,n,k
15,g,r,a,d,e
16,q,u,i,e,t
17,b,e,n,c,h
18,a,b,a,t,e
19,f,e,i,g,n
20,m,a,j,o,r
21,d,e,a,t,h
22,f,r,e,s,h
23,c,r,u,s,t
24,s,t,o,o,l
25,c,o,l,o,n
26,a,b,a,s,e
27,m,a,r,r,y
28,r,e,a,c,t
29,b,a,t,t,y
30,p,r,i,d,e
31,f,l,o,s,s
32,h,e,l,i,x
33,c,r,o,a,k
34,s,t,a,f,f
35,p,a,p,e,r
36,u,n,f,e,d
37,w,h,e,l,p
38,t,r,a,w,l
39,o,u,t,d,o
40,a,d,o,b,e
41,c,r,a,z,y
42,s,o,w,e,r
43,r,e,p,a,y
44,d,i,g,i,t
45,c,r,a,t,e
46,c,l,u,c,k
47,s,p,i,k,e
48,m,i,m,i,c
49,p,o,u,n,d
50,m,a,x,i,m
51,l,i,n,e,n
52,u,n,m,e,t
53,f,l,e,s,h
54,b,o,o,b,y
55,f,o,r,t,h
56,f,i,r,s,t
57,s,t,a,n,d
58,b,e,l,l,y
59,i,v,o,r,y
60,s,e,e,d,y
61,p,r,i,n,t
62,y,e,a,r,n
63,d,r,a,i,n
64,b,r,i,b,e
65,s,t,o,u,t
66,p,a,n,e,l
67,c,r,a,s,s
68,f,l,u,m,e
69,o,f,f,a,l
70,a,g,r,e,e
71,e,r,r,o,r
72,s,w,i,r,l
73,a,r,g,u,e
74,b,l,e,e,d
75,d,e,l,t,a
76,f,l,i,c,k
77,t,o,t,e,m
78,w,o,o,e,r
79,f,r,o,n,t
80,s,h,r,u,b
81,p,a,r,r,y
82,b,i,o,m,e
83,l,a,p,e,l
84,s,t,a,r,t
85,g,r,e,e,t
86,g,o,n,e,r
87,g,o,l,e,m
88,l,u,s,t,y
89,l,o,o,p,y
90,r,o,u,n,d
91,a,u,d,i,t
92,l,y,i,n,g
93,g,a,m,m,a
94,l,a,b,o,r
95,i,s,l,e,t
96,c,i,v,i,c
97,f,o,r,g,e
98,c,o,r,n,y
99,m,o,u,l,t
100,b,a,s,i,c
101,s,a,l,a,d
102,a,g,a,t,e
103,s,p,i,c,y
104,s,p,r,a,y
105,e,s,s,a,y
106,f,j,o,r,d
107,s,p,e,n,d
108,k,e,b,a,b
109,g,u,i,l,d
110,a,b,a,c,k
111,m,o,t,o,r
112,a,l,o,n,e
113,h,a,t,c,h
114,h,y,p,e,r
115,t,h,u,m,b
116,d,o,w,r,y
117,o,u,g,h,t
118,b,e,l,c,h
119,d,u,t,c,h
120,p,i,l,o,t
121,t,w,e,e,d
122,c,o,m,e,t
123,j,a,u,n,t
124,e,n,e,m,a
125,s,t,e,e,d
126,a,b,y,s,s
127,g,r,o,w,l
128,f,l,i,n,g
129,d,o,z,e,n
130,b,o,o,z,y
131,e,r,o,d,e
132,w,o,r,l,d
133,g,o,u,g,e
134,c,l,i,c,k
135,b,r,i,a,r
136,g,r,e,a,t
137,a,l,t,a,r
138,p,u,l,p,y
139,b,l,u,r,t
140,c,o,a,s,t
141,d,u,c,h,y
142,g,r,o,i,n
143,f,i,x,e,r
144,g,r,o,u,p
145,r,o,g,u,e
146,b,a,d,l,y
147,s,m,a,r,t
148,p,i,t,h,y
149,g,a,u,d,y
150,c,h,i,l,l
151,h,e,r,o,n
152,v,o,d,k,a
153,f,i,n,e,r
154,s,u,r,e,r
155,r,a,d,i,o
156,r,o,u,g,e
157,p,e,r,c,h
158,r,e,t,c,h
159,w,r,o,t,e
160,c,l,o,c,k
161,t,i,l,d,e
162,s,t,o,r,e
163,p,r,o,v,e
164,b,r,i,n,g
165,s,o,l,v,e
166,c,h,e,a,t
167,g,r,i,m,e
168,e,x,u,l,t
169,u,s,h,e,r
170,e,p,o,c,h
171,t,r,i,a,d
172,b,r,e,a,k
173,r,h,i,n,o
174,v,i,r,a,l
175,c,o,n,i,c
176,m,a,s,s,e
177,s,o,n,i,c
178,v,i,t,a,l
179,t,r,a,c,e
180,u,s,i,n,g
181,p,e,a,c,h
182,c,h,a,m,p
183,b,a,t,o,n
184,b,r,a,k,e
185,p,l,u,c,k
186,c,r,a,z,e
187,g,r,i,p,e
188,w,e,a,r,y
189,p,i,c,k,y
190,a,c,u,t,e
191,f,e,r,r,y
192,a,s,i,d,e
193,t,a,p,i,r
194,t,r,o,l,l
195,u,n,i,f,y
196,r,e,b,u,s
197,b,o,o,s,t
198,t,r,u,s,s
199,s,i,e,g,e
200,t,i,g,e,r
201,b,a,n,a,l
202,s,l,u,m,p
203,c,r,a,n,k
204,g,o,r,g,e
205,q,u,e,r,y
206,d,r,i,n,k
207,f,a,v,o,r
208,a,b,b,e,y
209,t,a,n,g,y
210,p,a,n,i,c
211,s,o,l,a,r
212,s,h,i,r,e
213,p,r,o,x,y
214,p,o,i,n,t
215,r,o,b,o,t
216,p,r,i,c,k
217,w,i,n,c,e
218,c,r,i,m,p
219,k,n,o,l,l
220,s,u,g,a,r
221,w,h,a,c,k
222,m,o,u,n,t
223,p,e,r,k,y
224,c,o,u,l,d
225,w,r,u,n,g
226,l,i,g,h,t
227,t,h,o,s,e
228,m,o,i,s,t
229,s,h,a,r,d
230,p,l,e,a,t
231,a,l,o,f,t
232,s,k,i,l,l
233,e,l,d,e,r
234,f,r,a,m,e
235,h,u,m,o,r
236,p,a,u,s,e
237,u,l,c,e,r
238,u,l,t,r,a
239,r,o,b,i,n
240,c,y,n,i,c
241,a,g,o,r,a
242,a,r,o,m,a
243,c,a,u,l,k
244,s,h,a,k,e
245,p,u,p,a,l
246,d,o,d,g,e
247,s,w,i,l,l
248,t,a,c,i,t
249,o,t,h,e,r
250,t,h,o,r,n
251,t,r,o,v,e
252,b,l,o,k,e
253,v,i,v,i,d
254,s,p,i,l,l
255,c,h,a,n,t
256,c,h,o,k,e
257,r,u,p,e,e
258,n,a,s,t,y
259,m,o,u,r,n
260,a,h,e,a,d
261,b,r,i,n,e
262,c,l,o,t,h
263,h,o,a,r,d
264,s,w,e,e,t
265,m,o,n,t,h
266,l,a,p,s,e
267,w,a,t,c,h
268,t,o,d,a,y
269,f,o,c,u,s
270,s,m,e,l,t
271,t,e,a,s,e
272,c,a,t,e,r
273,m,o,v,i,e
274,l,y,n,c,h
275,s,a,u,t,e
276,a,l,l,o,w
277,r,e,n,e,w
278,t,h,e,i,r
279,s,l,o,s,h
280,p,u,r,g,e
281,c,h,e,s,t
282,d,e,p,o,t
283,e,p,o,x,y
284,n,y,m,p,h
285,f,o,u,n,d
286,s,h,a,l,l
287,h,a,r,r,y
288,s,t,o,v,e
289,l,o,w,l,y
290,s,n,o,u,t
291,t,r,o,p,e
292,f,e,w,e,r
293,s,h,a,w,l
294,n,a,t,a,l
295,f,i,b,r,e
296,c,o,m,m,a
297,f,o,r,a,y
298,s,c,a,r,e
299,s,t,a,i,r
300,b,l,a,c,k
301,s,q,u,a,d
302,r,o,y,a,l
303,c,h,u,n,k
304,m,i,n,c,e
305,s,l,a,v,e
306,s,h,a,m,e
307,c,h,e,e,k
308,a,m,p,l,e
309,f,l,a,i,r
310,f,o,y,e,r
311,c,a,r,g,o
312,o,x,i,d,e
313,p,l,a,n,t
314,o,l,i,v,e
315,i,n,e,r,t
316,a,s,k,e,w
317,h,e,i,s,t
318,s,h,o,w,n
319,z,e,s,t,y
320,h,a,s,t,y
321,t,r,a,s,h
322,f,e,l,l,a
323,l,a,r,v,a
324,f,o,r,g,o
325,s,t,o,r,y
326,h,a,i,r,y
327,t,r,a,i,n
328,h,o,m,e,r
329,b,a,d,g,e
330,m,i,d,s,t
331,c,a,n,n,y
332,f,e,t,u,s
333,b,u,t,c,h
334,f,a,r,c,e
335,s,l,u,n,g
336,t,i,p,s,y
337,m,e,t,a,l
338,y,i,e,l,d
339,d,e,l,v,e
340,b,e,i,n,g
341,s,c,o,u,r
342,g,l,a,s,s
343,g,a,m,e,r
344,s,c,r,a,p
345,m,o,n,e,y
346,h,i,n,g,e
347,a,l,b,u,m
348,v,o,u,c,h
349,a,s,s,e,t
350,t,i,a,r,a
351,c,r,e,p,t
352,b,a,y,o,u
353,a,t,o,l,l
354,m,a,n,o,r
355,c,r,e,a,k
356,s,h,o,w,y
357,p,h,a,s,e
358,f,r,o,t,h
359,d,e,p,t,h
360,g,l,o,o,m
361,f,l,o,o,d
362,t,r,a,i,t
363,g,i,r,t,h
364,p,i,e,t,y
365,p,a,y,e,r
366,g,o,o,s,e
367,f,l,o,a,t
368,d,o,n,o,r
369,a,t,o,n,e
370,p,r,i,m,o
371,a,p,r,o,n
372,b,l,o,w,n
373,c,a,c,a,o
374,l,o,s,e,r
375,i,n,p,u,t
376,g,l,o,a,t
377,a,w,f,u,l
378,b,r,i,n,k
379,s,m,i,t,e
380,b,e,a,d,y
381,r,u,s,t,y
382,r,e,t,r,o
383,d,r,o,l,l
384,g,a,w,k,y
385,h,u,t,c,h
386,p,i,n,t,o
387,g,a,i,l,y
388,e,g,r,e,t
389,l,i,l,a,c
390,s,e,v,e,r
391,f,i,e,l,d
392,f,l,u,f,f
393,h,y,d,r,o
394,f,l,a,c,k
395,a,g,a,p,e
396,w,e,n,c,h
397,v,o,i,c,e
398,s,t,e,a,d
399,s,t,a,l,k
400,b,e,r,t,h
401,m,a,d,a,m
402,n,i,g,h,t
403,b,l,a,n,d
404,l,i,v,e,r
405,w,e,d,g,e
406,a,u,g,u,r
407,r,o,o,m,y
408,w,a,c,k,y
409,f,l,o,c,k
410,a,n,g,r,y
411,b,o,b,b,y
412,t,r,i,t,e
413,a,p,h,i,d
414,t,r,y,s,t
415,m,i,d,g,e
416,p,o,w,e,r
417,e,l,o,p,e
418,c,i,n,c,h
419,m,o,t,t,o
420,s,t,o,m,p
421,u,p,s,e,t
422,b,l,u,f,f
423,c,r,a,m,p
424,q,u,a,r,t
425,c,o,y,l,y
426,y,o,u,t,h
427,r,h,y,m,e
428,b,u,g,g,y
429,a,l,i,e,n
430,s,m,e,a,r
431,u,n,f,i,t
432,p,a,t,t,y
433,c,l,i,n,g
434,g,l,e,a,n
435,l,a,b,e,l
436,h,u,n,k,y
437,k,h,a,k,i
438,p,o,k,e,r
439,g,r,u,e,l
440,t,w,i,c,e
441,t,w,a,n,g
442,s,h,r,u,g
443,t,r,e,a,t
444,u,n,l,i,t
445,w,a,s,t,e
446,m,e,r,i,t
447,w,o,v,e,n
448,o,c,t,a,l
449,n,e,e,d,y
450,c,l,o,w,n
451,w,i,d,o,w
452,i,r,o,n,y
453,r,u,d,e,r
454,g,a,u,z,e
455,c,h,i,e,f
456,o,n,s,e,t
457,p,r,i,z,e
458,f,u,n,g,i
459,c,h,a,r,m
460,g,u,l,l,y
461,i,n,t,e,r
462,w,h,o,o,p
463,t,a,u,n,t
464,l,e,e,r,y
465,c,l,a,s,s
466,t,h,e,m,e
467,l,o,f,t,y
468,t,i,b,i,a
469,b,o,o,z,e
470,a,l,p,h,a
471,t,h,y,m,e
472,e,c,l,a,t
473,d,o,u,b,t
474,p,a,r,e,r
475,c,h,u,t,e
476,s,t,i,c,k
477,t,r,i,c,e
478,a,l,i,k,e
479,s,o,o,t,h
480,r,e,c,a,p
481,s,a,i,n,t
482,l,i,e,g,e
483,g,l,o,r,y
484,g,r,a,t,e
485,a,d,m,i,t
486,b,r,i,s,k
487,s,o,g,g,y
488,u,s,u,r,p
489,s,c,a,l,d
490,s,c,o,r,n
491,l,e,a,v,e
492,t,w,i,n,e
493,s,t,i,n,g
494,b,o,u,g,h
495,m,a,r,s,h
496,s,l,o,t,h
497,d,a,n,d,y
498,v,i,g,o,r
499,h,o,w,d,y
500,e,n,j,o,y
501,v,a,l,i,d
502,i,o,n,i,c
503,e,q,u,a,l
504,u,n,s,e,t
505,f,l,o,o,r
506,c,a,t,c,h
507,s,p,a,d,e
508,s,t,e,i,n
509,e,x,i,s,t
510,q,u,i,r,k
511,d,e,n,i,m
512,g,r,o,v,e
513,s,p,i,e,l
514,m,u,m,m,y
515,f,a,u,l,t
516,f,o,g,g,y
517,f,l,o,u,t
518,c,a,r,r,y
519,s,n,e,a,k
520,l,i,b,e,l
521,w,a,l,t,z
522,a,p,t,l,y
523,p,i,n,e,y
524,i,n,e,p,t
525,a,l,o,u,d
526,p,h,o,t,o
527,d,r,e,a,m
528,s,t,a,l,e
529,v,o,m,i,t
530,o,m,b,r,e
531,f,a,n,n,y
532,u,n,i,t,e
533,s,n,a,r,l
534,b,a,k,e,r
535,t,h,e,r,e
536,g,l,y,p,h
537,p,o,o,c,h
538,h,i,p,p,y
539,s,p,e,l,l
540,f,o,l,l,y
541,l,o,u,s,e
542,g,u,l,c,h
543,v,a,u,l,t
544,g,o,d,l,y
545,t,h,r,e,w
546,f,l,e,e,t
547,g,r,a,v,e
548,i,n,a,n,e
549,s,h,o,c,k
550,c,r,a,v,e
551,s,p,i,t,e
552,v,a,l,v,e
553,s,k,i,m,p
554,c,l,a,i,m
555,r,a,i,n,y
556,m,u,s,t,y
557,p,i,q,u,e
558,d,a,d,d,y
559,q,u,a,s,i
560,a,r,i,s,e
561,a,g,i,n,g
562,v,a,l,e,t
563,o,p,i,u,m
564,a,v,e,r,t
565,s,t,u,c,k
566,r,e,c,u,t
567,m,u,l,c,h
568,g,e,n,r,e
569,p,l,u,m,e
570,r,i,f,l,e
571,c,o,u,n,t
572,i,n,c,u,r
573,t,o,t,a,l
574,w,r,e,s,t
575,m,o,c,h,a
576,d,e,t,e,r
577,s,t,u,d,y
578,l,o,v,e,r
579,s,a,f,e,r
580,r,i,v,e,t
581,f,u,n,n,y
582,s,m,o,k,e
583,m,o,u,n,d
584,u,n,d,u,e
585,s,e,d,a,n
586,p,a,g,a,n
587,s,w,i,n,e
588,g,u,i,l,e
589,g,u,s,t,y
590,e,q,u,i,p
591,t,o,u,g,h
592,c,a,n,o,e
593,c,h,a,o,s
594,c,o,v,e,t
595,h,u,m,a,n
596,u,d,d,e,r
597,l,u,n,c,h
598,b,l,a,s,t
599,s,t,r,a,y
600,m,a,n,g,a
601,m,e,l,e,e
602,l,e,f,t,y
603,q,u,i,c,k
604,p,a,s,t,e
605,g,i,v,e,n
606,o,c,t,e,t
607,r,i,s,e,n
608,g,r,o,a,n
609,l,e,a,k,y
610,g,r,i,n,d
611,c,a,r,v,e
612,l,o,o,s,e
613,s,a,d,l,y
614,s,p,i,l,t
615,a,p,p,l,e
616,s,l,a,c,k
617,h,o,n,e,y
618,f,i,n,a,l
619,s,h,e,e,n
620,e,e,r,i,e
621,m,i,n,t,y
622,s,l,i,c,k
623,d,e,r,b,y
624,w,h,a,r,f
625,s,p,e,l,t
626,c,o,a,c,h
627,e,r,u,p,t
628,s,i,n,g,e
629,p,r,i,c,e
630,s,p,a,w,n
631,f,a,i,r,y
632,j,i,f,f,y
633,f,i,l,m,y
634,s,t,a,c,k
635,c,h,o,s,e
636,s,l,e,e,p
637,a,r,d,o,r
638,n,a,n,n,y
639,n,i,e,c,e
640,w,o,o,z,y
641,h,a,n,d,y
642,g,r,a,c,e
643,d,i,t,t,o
644,s,t,a,n,k
645,c,r,e,a,m
646,u,s,u,a,l
647,d,i,o,d,e
648,v,a,l,o,r
649,a,n,g,l,e
650,n,i,n,j,a
651,m,u,d,d,y
652,c,h,a,s,e
653,r,e,p,l,y
654,p,r,o,n,e
655,s,p,o,i,l
656,h,e,a,r,t
657,s,h,a,d,e
658,d,i,n,e,r
659,a,r,s,o,n
660,o,n,i,o,n
661,s,l,e,e,t
662,d,o,w,e,l
663,c,o,u,c,h
664,p,a,l,s,y
665,b,o,w,e,l
666,s,m,i,l,e
667,e,v,o,k,e
668,c,r,e,e,k
669,l,a,n,c,e
670,e,a,g,l,e
671,i,d,i,o,t
672,s,i,r,e,n
673,b,u,i,l,t
674,e,m,b,e,d
675,a,w,a,r,d
676,d,r,o,s,s
677,a,n,n,u,l
678,g,o,o,d,y
679,f,r,o,w,n
680,p,a,t,i,o
681,l,a,d,e,n
682,h,u,m,i,d
683,e,l,i,t,e
684,l,y,m,p,h
685,e,d,i,f,y
686,m,i,g,h,t
687,r,e,s,e,t
688,v,i,s,i,t
689,g,u,s,t,o
690,p,u,r,s,e
691,v,a,p,o,r
692,c,r,o,c,k
693,w,r,i,t,e
694,s,u,n,n,y
695,l,o,a,t,h
696,c,h,a,f,f
697,s,l,i,d,e
698,q,u,e,e,r
699,v,e,n,o,m
700,s,t,a,m,p
701,s,o,r,r,y
702,s,t,i,l,l
703,a,c,o,r,n
704,a,p,i,n,g
705,p,u,s,h,y
706,t,a,m,e,r
707,h,a,t,e,r
708,m,a,n,i,a
709,a,w,o,k,e
710,b,r,a,w,n
711,s,w,i,f,t
712,e,x,i,l,e
713,b,i,r,c,h
714,l,u,c,k,y
715,f,r,e,e,r
716,r,i,s,k,y
717,g,h,o,s,t
718,p,l,i,e,r
719,l,u,n,a,r
720,w,i,n,c,h
721,s,n,a,r,e
722,n,u,r,s,e
723,h,o,u,s,e
724,b,o,r,a,x
725,n,i,c,e,r
726,l,u,r,c,h
727,e,x,a,l,t
728,a,b,o,u,t
729,s,a,v,v,y
730,t,o,x,i,n
731,t,u,n,i,c
732,p,r,i,e,d
733,i,n,l,a,y
734,c,h,u,m,p
735,l,a,n,k,y
736,c,r,e,s,s
737,e,a,t,e,r
738,e,l,u,d,e
739,c,y,c,l,e
740,k,i,t,t,y
741,b,o,u,l,e
742,m,o,r,o,n
743,t,e,n,e,t
744,p,l,a,c,e
745,l,o,b,b,y
746,p,l,u,s,h
747,v,i,g,i,l
748,i,n,d,e,x
749,b,l,i,n,k
750,c,l,u,n,g
751,q,u,a,l,m
752,c,r,o,u,p
753,c,l,i,n,k
754,j,u,i,c,y
755,s,t,a,g,e
756,d,e,c,a,y
757,n,e,r,v,e
758,f,l,i,e,r
759,s,h,a,f,t
760,c,r,o,o,k
761,c,l,e,a,n
762,c,h,i,n,a
763,r,i,d,g,e
764,v,o,w,e,l
765,g,n,o,m,e
766,s,n,u,c,k
767,i,c,i,n,g
768,s,p,i,n,y
769,r,i,g,o,r
770,s,n,a,i,l
771,f,l,o,w,n
772,r,a,b,i,d
773,p,r,o,s,e
774,t,h,a,n,k
775,p,o,p,p,y
776,b,u,d,g,e
777,f,i,b,e,r
778,m,o,l,d,y
779,d,o,w,d,y
780,k,n,e,e,l
781,t,r,a,c,k
782,c,a,d,d,y
783,q,u,e,l,l
784,d,u,m,p,y
785,p,a,l,e,r
786,s,w,o,r,e
787,r,e,b,a,r
788,s,c,u,b,a
789,s,p,l,a,t
790,f,l,y,e,r
791,h,o,r,n,y
792,m,a,s,o,n
793,d,o,i,n,g
794,o,z,o,n,e
795,a,m,p,l,y
796,m,o,l,a,r
797,o,v,a,r,y
798,b,e,s,e,t
799,q,u,e,u,e
800,c,l,i,f,f
801,m,a,g,i,c
802,t,r,u,c,e
803,s,p,o,r,t
804,f,r,i,t,z
805,e,d,i,c,t
806,t,w,i,r,l
807,v,e,r,s,e
808,l,l,a,m,a
809,e,a,t,e,n
810,r,a,n,g,e
811,w,h,i,s,k
812,h,o,v,e,l
813,r,e,h,a,b
814,m,a,c,a,w
815,s,i,g,m,a
816,s,p,o,u,t
817,v,e,r,v,e
818,s,u,s,h,i
819,d,y,i,n,g
820,f,e,t,i,d
821,b,r,a,i,n
822,b,u,d,d,y
823,t,h,u,m,p
824,s,c,i,o,n
825,c,a,n,d,y
826,c,h,o,r,d
827,b,a,s,i,n
828,m,a,r,c,h
829,c,r,o,w,d
830,a,r,b,o,r
831,g,a,y,l,y
832,m,u,s,k,y
833,s,t,a,i,n
834,d,a,l,l,y
835,b,l,e,s,s
836,b,r,a,v,o
837,s,t,u,n,g
838,t,i,t,l,e
839,r,u,l,e,r
840,k,i,o,s,k
841,b,l,o,n,d
842,e,n,n,u,i
843,l,a,y,e,r
844,f,l,u,i,d
845,t,a,t,t,y
846,s,c,o,r,e
847,c,u,t,i,e
848,z,e,b,r,a
849,b,a,r,g,e
850,m,a,t,e,y
851,b,l,u,e,r
852,a,i,d,e,r
853,s,h,o,o,k
854,r,i,v,e,r
855,p,r,i,v,y
856,b,e,t,e,l
857,f,r,i,s,k
858,b,o,n,g,o
859,b,e,g,u,n
860,a,z,u,r,e
861,w,e,a,v,e
862,g,e,n,i,e
863,s,o,u,n,d
864,g,l,o,v,e
865,b,r,a,i,d
866,s,c,o,p,e
867,w,r,y,l,y
868,r,o,v,e,r
869,a,s,s,a,y
870,o,c,e,a,n
871,b,l,o,o,m
872,i,r,a,t,e
873,l,a,t,e,r
874,w,o,k,e,n
875,s,i,l,k,y
876,w,r,e,c,k
877,d,w,e,l,t
878,s,l,a,t,e
879,s,m,a,c,k
880,s,o,l,i,d
881,a,m,a,z,e
882,h,a,z,e,l
883,w,r,i,s,t
884,j,o,l,l,y
885,g,l,o,b,e
886,f,l,i,n,t
887,r,o,u,s,e
888,c,i,v,i,l
889,v,i,s,t,a
890,r,e,l,a,x
891,c,o,v,e,r
892,a,l,i,v,e
893,b,e,e,c,h
894,j,e,t,t,y
895,b,l,i,s,s
896,v,o,c,a,l
897,o,f,t,e,n
898,d,o,l,l,y
899,e,i,g,h,t
900,j,o,k,e,r
901,s,i,n,c,e
902,e,v,e,n,t
903,e,n,s,u,e
904,s,h,u,n,t
905,d,i,v,e,r
906,p,o,s,e,r
907,w,o,r,s,t
908,s,w,e,e,p
909,a,l,l,e,y
910,c,r,e,e,d
911,a,n,i,m,e
912,l,e,a,f,y
913,b,o,s,o,m
914,d,u,n,c,e
915,s,t,a,r,e
916,p,u,d,g,y
917,w,a,i,v,e
918,c,h,o,i,r
919,s,t,o,o,d
920,s,p,o,k,e
921,o,u,t,g,o
922,d,e,l,a,y
923,b,i,l,g,e
924,i,d,e,a,l
925,c,l,a,s,p
926,s,e,i,z,e
927,h,o,t,l,y
928,l,a,u,g,h
929,s,i,e,v,e
930,b,l,o,c,k
931,m,e,a,n,t
932,g,r,a,p,e
933,n,o,o,s,e
934,h,a,r,d,y
935,s,h,i,e,d
936,d,r,a,w,l
937,d,a,i,s,y
938,p,u,t,t,y
939,s,t,r,u,t
940,b,u,r,n,t
941,t,u,l,i,p
942,c,r,i,c,k
943,i,d,y,l,l
944,v,i,x,e,n
945,f,u,r,o,r
946,g,e,e,k,y
947,c,o,u,g,h
948,n,a,i,v,e
949,s,h,o,a,l
950,s,t,o,r,k
951,b,a,t,h,e
952,a,u,n,t,y
953,c,h,e,c,k
954,p,r,i,m,e
955,b,r,a,s,s
956,o,u,t,e,r
957,f,u,r,r,y
958,r,a,z,o,r
959,e,l,e,c,t
960,e,v,i,c,t
961,i,m,p,l,y
962,d,e,m,u,r
963,q,u,o,t,a
964,h,a,v,e,n
965,c,a,v,i,l
966,s,w,e,a,r
967,c,r,u,m,p
968,d,o,u,g,h
969,g,a,v,e,l
970,w,a,g,o,n
971,s,a,l,o,n
972,n,u,d,g,e
973,h,a,r,e,m
974,p,i,t,c,h
975,s,w,o,r,n
976,p,u,p,i,l
977,e,x,c,e,l
978,s,t,o,n,y
979,c,a,b,i,n
980,u,n,z,i,p
981,q,u,e,e,n
982,t,r,o,u,t
983,p,o,l,y,p
984,e,a,r,t,h
985,s,t,o,r,m
986,u,n,t,i,l
987,t,a,p,e,r
988,e,n,t,e,r
989,c,h,i,l,d
990,a,d,o,p,t
991,m,i,n,o,r
992,f,a,t,t,y
993,h,u,s,k,y
994,b,r,a,v,e
995,f,i,l,e,t
996,s,l,i,m,e
997,g,l,i,n,t
998,t,r,e,a,d
999,s,t,e,a,l
1000,r,e,g,a,l
1001,g,u,e,s,t
1002,e,v,e,r,y
1003,m,u,r,k,y
1004,s,h,a,r,e
1005,s,p,o,r,e
1006,h,o,i,s,t
1007,b,u,x,o,m
1008,i,n,n,e,r
1009,o,t,t,e,r
1010,d,i,m,l,y
1011,l,e,v,e,l
1012,s,u,m,a,c
1013,d,o,n,u,t
1014,s,t,i,l,t
1015,a,r,e,n,a
1016,s,h,e,e,t
1017,s,c,r,u,b
1018,f,a,n,c,y
1019,s,l,i,m,y
1020,p,e,a,r,l
1021,s,i,l,l,y
1022,p,o,r,c,h
1023,d,i,n,g,o
1024,s,e,p,i,a
1025,a,m,b,l,e
1026,s,h,a,d,y
1027,b,r,e,a,d
1028,f,r,i,a,r
1029,r,e,i,g,n
1030,d,a,i,r,y
1031,q,u,i,l,l
1032,c,r,o,s,s
1033,b,r,o,o,d
1034,t,u,b,e,r
1035,s,h,e,a,r
1036,p,o,s,i,t
1037,b,l,a,n,k
1038,v,i,l,l,a
1039,s,h,a,n,k
1040,p,i,g,g,y
1041,f,r,e,a,k
1042,w,h,i,c,h
1043,a,m,o,n,g
1044,f,e,c,a,l
1045,s,h,e,l,l
1046,w,o,u,l,d
1047,a,l,g,a,e
1048,l,a,r,g,e
1049,r,a,b,b,i
1050,a,g,o,n,y
1051,a,m,u,s,e
1052,b,u,s,h,y
1053,c,o,p,s,e
1054,s,w,o,o,n
1055,k,n,i,f,e
1056,p,o,u,c,h
1057,a,s,c,o,t
1058,p,l,a,n,e
1059,c,r,o,w,n
1060,u,r,b,a,n
1061,s,n,i,d,e
1062,r,e,l,a,y
1063,a,b,i,d,e
1064,v,i,o,l,a
1065,r,a,j,a,h
1066,s,t,r,a,w
1067,d,i,l,l,y
1068,c,r,a,s,h
1069,a,m,a,s,s
1070,t,h,i,r,d
1071,t,r,i,c,k
1072,t,u,t,o,r
1073,w,o,o,d,y
1074,b,l,u,r,b
1075,g,r,i,e,f
1076,d,i,s,c,o
1077,w,h,e,r,e
1078,s,a,s,s,y
1079,b,e,a,c,h
1080,s,a,u,n,a
1081,c,o,m,i,c
1082,c,l,u,e,d
1083,c,r,e,e,p
1084,c,a,s,t,e
1085,g,r,a,z,e
1086,s,n,u,f,f
1087,f,r,o,c,k
1088,g,o,n,a,d
1089,d,r,u,n,k
1090,p,r,o,n,g
1091,l,u,r,i,d
1092,s,t,e,e,l
1093,h,a,l,v,e
1094,b,u,y,e,r
1095,v,i,n,y,l
1096,u,t,i,l,e
1097,s,m,e,l,l
1098,a,d,a,g,e
1099,w,o,r,r,y
1100,t,a,s,t,y
1101,l,o,c,a,l
1102,t,r,a,d,e
1103,f,i,n,c,h
1104,a,s,h,e,n
1105,m,o,d,a,l
1106,g,a,u,n,t
1107,c,l,o,v,e
1108,e,n,a,c,t
1109,a,d,o,r,n
1110,r,o,a,s,t
1111,s,p,e,c,k
1112,s,h,e,i,k
1113,m,i,s,s,y
1114,g,r,u,n,t
1115,s,n,o,o,p
1116,p,a,r,t,y
1117,t,o,u,c,h
1118,m,a,f,i,a
1119,e,m,c,e,e
1120,a,r,r,a,y
1121,s,o,u,t,h
1122,v,a,p,i,d
1123,j,e,l,l,y
1124,s,k,u,l,k
1125,a,n,g,s,t
1126,t,u,b,a,l
1127,l,o,w,e,r
1128,c,r,e,s,t
1129,s,w,e,a,t
1130,c,y,b,e,r
1131,a,d,o,r,e
1132,t,a,r,d,y
1133,s,w,a,m,i
1134,n,o,t,c,h
1135,g,r,o,o,m
1136,r,o,a,c,h
1137,h,i,t,c,h
1138,y,o,u,n,g
1139,a,l,i,g,n
1140,r,e,a,d,y
1141,f,r,o,n,d
1142,s,t,r,a,p
1143,p,u,r,e,e
1144,r,e,a,l,m
1145,v,e,n,u,e
1146,s,w,a,r,m
1147,o,f,f,e,r
1148,s,e,v,e,n
1149,d,r,y,e,r
1150,d,i,a,r,y
1151,d,r,y,l,y
1152,d,r,a,n,k
1153,a,c,r,i,d
1154,h,e,a,d,y
1155,t,h,e,t,a
1156,j,u,n,t,o
1157,p,i,x,i,e
1158,q,u,o,t,h
1159,b,o,n,u,s
1160,s,h,a,l,t
1161,p,e,n,n,e
1162,a,m,e,n,d
1163,d,a,t,u,m
1164,b,u,i,l,d
1165,p,i,a,n,o
1166,s,h,e,l,f
1167,l,o,d,g,e
1168,s,u,i,n,g
1169,r,e,a,r,m
1170,c,o,r,a,l
1171,r,a,m,e,n
1172,w,o,r,t,h
1173,p,s,a,l,m
1174,i,n,f,e,r
1175,o,v,e,r,t
1176,m,a,y,o,r
1177,o,v,o,i,d
1178,g,l,i,d,e
1179,u,s,a,g,e
1180,p,o,i,s,e
1181,r,a,n,d,y
1182,c,h,u,c,k
1183,p,r,a,n,k
1184,f,i,s,h,y
1185,t,o,o,t,h
1186,e,t,h,e,r
1187,d,r,o,v,e
1188,i,d,l,e,r
1189,s,w,a,t,h
1190,s,t,i,n,t
1191,w,h,i,l,e
1192,b,e,g,a,t
1193,a,p,p,l,y
1194,s,l,a,n,g
1195,t,a,r,o,t
1196,r,a,d,a,r
1197,c,r,e,d,o
1198,a,w,a,r,e
1199,c,a,n,o,n
1200,s,h,i,f,t
1201,t,i,m,e,r
1202,b,y,l,a,w
1203,s,e,r,u,m
1204,t,h,r,e,e
1205,s,t,e,a,k
1206,i,l,i,a,c
1207,s,h,i,r,k
1208,b,l,u,n,t
1209,p,u,p,p,y
1210,p,e,n,a,l
1211,j,o,i,s,t
1212,b,u,n,n,y
1213,s,h,a,p,e
1214,b,e,g,e,t
1215,w,h,e,e,l
1216,a,d,e,p,t
1217,s,t,u,n,t
1218,s,t,o,l,e
1219,t,o,p,a,z
1220,c,h,o,r,e
1221,f,l,u,k,e
1222,a,f,o,o,t
1223,b,l,o,a,t
1224,b,u,l,l,y
1225,d,e,n,s,e
1226,c,a,p,e,r
1227,s,n,e,e,r
1228,b,o,x,e,r
1229,j,u,m,b,o
1230,l,u,n,g,e
1231,s,p,a,c,e
1232,a,v,a,i,l
1233,s,h,o,r,t
1234,s,l,u,r,p
1235,l,o,y,a,l
1236,f,l,i,r,t
1237,p,i,z,z,a
1238,c,o,n,c,h
1239,t,e,m,p,o
1240,d,r,o,o,p
1241,p,l,a,t,e
1242,b,i,b,l,e
1243,p,l,u,n,k
1244,a,f,o,u,l
1245,s,a,v,o,y
1246,s,t,e,e,p
1247,a,g,i,l,e
1248,s,t,a,k,e
1249,d,w,e,l,l
1250,k,n,a,v,e
1251,b,e,a,r,d
1252,a,r,o,s,e
1253,m,o,t,i,f
1254,s,m,a,s,h
1255,b,r,o,i,l
1256,g,l,a,r,e
1257,s,h,o,v,e
1258,b,a,g,g,y
1259,m,a,m,m,y
1260,s,w,a,m,p
1261,a,l,o,n,g
1262,r,u,g,b,y
1263,w,a,g,e,r
1264,q,u,a,c,k
1265,s,q,u,a,t
1266,s,n,a,k,y
1267,d,e,b,i,t
1268,m,a,n,g,e
1269,s,k,a,t,e
1270,n,i,n,t,h
1271,j,o,u,s,t
1272,t,r,a,m,p
1273,s,p,u,r,n
1274,m,e,d,a,l
1275,m,i,c,r,o
1276,r,e,b,e,l
1277,f,l,a,n,k
1278,l,e,a,r,n
1279,n,a,d,i,r
1280,m,a,p,l,e
1281,c,o,m,f,y
1282,r,e,m,i,t
1283,g,r,u,f,f
1284,e,s,t,e,r
1285,l,e,a,s,t
1286,m,o,g,u,l
1287,f,e,t,c,h
1288,c,a,u,s,e
1289,o,a,k,e,n
1290,a,g,l,o,w
1291,m,e,a,t,y
1292,g,a,f,f,e
1293,s,h,y,l,y
1294,r,a,c,e,r
1295,p,r,o,w,l
1296,t,h,i,e,f
1297,s,t,e,r,n
1298,p,o,e,s,y
1299,r,o,c,k,y
1300,t,w,e,e,t
1301,w,a,i,s,t
1302,s,p,i,r,e
1303,g,r,o,p,e
1304,h,a,v,o,c
1305,p,a,t,s,y
1306,t,r,u,l,y
1307,f,o,r,t,y
1308,d,e,i,t,y
1309,u,n,c,l,e
1310,s,w,i,s,h
1311,g,i,v,e,r
1312,p,r,e,e,n
1313,b,e,v,e,l
1314,l,e,m,u,r
1315,d,r,a,f,t
1316,s,l,o,p,e
1317,a,n,n,o,y
1318,l,i,n,g,o
1319,b,l,e,a,k
1320,d,i,t,t,y
1321,c,u,r,l,y
1322,c,e,d,a,r
1323,d,i,r,g,e
1324,g,r,o,w,n
1325,h,o,r,d,e
1326,d,r,o,o,l
1327,s,h,u,c,k
1328,c,r,y,p,t
1329,c,u,m,i,n
1330,s,t,o,c,k
1331,g,r,a,v,y
1332,l,o,c,u,s
1333,w,i,d,e,r
1334,b,r,e,e,d
1335,q,u,i,t,e
1336,c,h,a,f,e
1337,c,a,c,h,e
1338,b,l,i,m,p
1339,d,e,i,g,n
1340,f,i,e,n,d
1341,l,o,g,i,c
1342,c,h,e,a,p
1343,e,l,i,d,e
1344,r,i,g,i,d
1345,f,a,l,s,e
1346,r,e,n,a,l
1347,p,e,n,c,e
1348,r,o,w,d,y
1349,s,h,o,o,t
1350,b,l,a,z,e
1351,e,n,v,o,y
1352,p,o,s,s,e
1353,b,r,i,e,f
1354,n,e,v,e,r
1355,a,b,o,r,t
1356,m,o,u,s,e
1357,m,u,c,k,y
1358,s,u,l,k,y
1359,f,i,e,r,y
1360,m,e,d,i,a
1361,t,r,u,n,k
1362,y,e,a,s,t
1363,c,l,e,a,r
1364,s,k,u,n,k
1365,s,c,a,l,p
1366,b,i,t,t,y
1367,c,i,d,e,r
1368,k,o,a,l,a
1369,d,u,v,e,t
1370,s,e,g,u,e
1371,c,r,e,m,e
1372,s,u,p,e,r
1373,g,r,i,l,l
1374,a,f,t,e,r
1375,o,w,n,e,r
1376,e,m,b,e,r
1377,r,e,a,c,h
1378,n,o,b,l,y
1379,e,m,p,t,y
1380,s,p,e,e,d
1381,g,i,p,s,y
1382,r,e,c,u,r
1383,s,m,o,c,k
1384,d,r,e,a,d
1385,m,e,r,g,e
1386,b,u,r,s,t
1387,k,a,p,p,a
1388,a,m,i,t,y
1389,s,h,a,k,y
1390,h,o,v,e,r
1391,c,a,r,o,l
1392,s,n,o,r,t
1393,s,y,n,o,d
1394,f,a,i,n,t
1395,h,a,u,n,t
1396,f,l,o,u,r
1397,c,h,a,i,r
1398,d,e,t,o,x
1399,s,h,r,e,w
1400,t,e,n,s,e
1401,p,l,i,e,d
1402,q,u,a,r,k
1403,b,u,r,l,y
1404,n,o,v,e,l
1405,w,a,x,e,n
1406,s,t,o,i,c
1407,j,e,r,k,y
1408,b,l,i,t,z
1409,b,e,e,f,y
1410,l,y,r,i,c
1411,h,u,s,s,y
1412,t,o,w,e,l
1413,q,u,i,l,t
1414,b,e,l,o,w
1415,b,i,n,g,o
1416,w,i,s,p,y
1417,b,r,a,s,h
1418,s,c,o,n,e
1419,t,o,a,s,t
1420,e,a,s,e,l
1421,s,a,u,c,y
1422,v,a,l,u,e
1423,s,p,i,c,e
1424,h,o,n,o,r
1425,r,o,u,t,e
1426,s,h,a,r,p
1427,b,a,w,d,y
1428,r,a,d,i,i
1429,s,k,u,l,l
1430,p,h,o,n,y
1431,i,s,s,u,e
1432,l,a,g,e,r
1433,s,w,e,l,l
1434,u,r,i,n,e
1435,g,a,s,s,y
1436,t,r,i,a,l
1437,f,l,o,r,a
1438,u,p,p,e,r
1439,l,a,t,c,h
1440,w,i,g,h,t
1441,b,r,i,c,k
1442,r,e,t,r,y
1443,h,o,l,l,y
1444,d,e,c,a,l
1445,g,r,a,s,s
1446,s,h,a,c,k
1447,d,o,g,m,a
1448,m,o,v,e,r
1449,d,e,f,e,r
1450,s,o,b,e,r
1451,o,p,t,i,c
1452,c,r,i,e,r
1453,v,y,i,n,g
1454,n,o,m,a,d
1455,f,l,u,t,e
1456,h,i,p,p,o
1457,s,h,a,r,k
1458,d,r,i,e,r
1459,o,b,e,s,e
1460,b,u,g,l,e
1461,t,a,w,n,y
1462,c,h,a,l,k
1463,f,e,a,s,t
1464,r,u,d,d,y
1465,p,e,d,a,l
1466,s,c,a,r,f
1467,c,r,u,e,l
1468,b,l,e,a,t
1469,t,i,d,a,l
1470,s,l,u,s,h
1471,s,e,m,e,n
1472,w,i,n,d,y
1473,d,u,s,t,y
1474,s,a,l,l,y
1475,i,g,l,o,o
1476,n,e,r,d,y
1477,j,e,w,e,l
1478,s,h,o,n,e
1479,w,h,a,l,e
1480,h,y,m,e,n
1481,a,b,u,s,e
1482,f,u,g,u,e
1483,e,l,b,o,w
1484,c,r,u,m,b
1485,p,a,n,s,y
1486,w,e,l,s,h
1487,s,y,r,u,p
1488,t,e,r,s,e
1489,s,u,a,v,e
1490,g,a,m,u,t
1491,s,w,u,n,g
1492,d,r,a,k,e
1493,f,r,e,e,d
1494,a,f,i,r,e
1495,s,h,i,r,t
1496,g,r,o,u,t
1497,o,d,d,l,y
1498,t,i,t,h,e
1499,p,l,a,i,d
1500,d,u,m,m,y
1501,b,r,o,o,m
1502,b,l,i,n,d
1503,t,o,r,c,h
1504,e,n,e,m,y
1505,a,g,a,i,n
1506,t,y,i,n,g
1507,p,e,s,k,y
1508,a,l,t,e,r
1509,g,a,z,e,r
1510,n,o,b,l,e
1511,e,t,h,o,s
1512,b,r,i,d,e
1513,e,x,t,o,l
1514,d,e,c,o,r
1515,h,o,b,b,y
1516,b,e,a,s,t
1517,i,d,i,o,m
1518,u,t,t,e,r
1519,t,h,e,s,e
1520,s,i,x,t,h
1521,a,l,a,r,m
1522,e,r,a,s,e
1523,e,l,e,g,y
1524,s,p,u,n,k
1525,p,i,p,e,r
1526,s,c,a,l,y
1527,s,c,o,l,d
1528,h,e,f,t,y
1529,c,h,i,c,k
1530,s,o,o,t,y
1531,c,a,n,a,l
1532,w,h,i,n,y
1533,s,l,a,s,h
1534,q,u,a,k,e
1535,j,o,i,n,t
1536,s,w,e,p,t
1537,p,r,u,d,e
1538,h,e,a,v,y
1539,w,i,e,l,d
1540,f,e,m,m,e
1541,l,a,s,s,o
1542,m,a,i,z,e
1543,s,h,a,l,e
1544,s,c,r,e,w
1545,s,p,r,e,e
1546,s,m,o,k,y
1547,w,h,i,f,f
1548,s,c,e,n,t
1549,g,l,a,d,e
1550,s,p,e,n,t
1551,p,r,i,s,m
1552,s,t,o,k,e
1553,r,i,p,e,r
1554,o,r,b,i,t
1555,c,o,c,o,a
1556,g,u,i,l,t
1557,h,u,m,u,s
1558,s,h,u,s,h
1559,t,a,b,l,e
1560,s,m,i,r,k
1561,w,r,o,n,g
1562,n,o,i,s,y
1563,a,l,e,r,t
1564,s,h,i,n,y
1565,e,l,a,t,e
1566,r,e,s,i,n
1567,w,h,o,l,e
1568,h,u,n,c,h
1569,p,i,x,e,l
1570,p,o,l,a,r
1571,h,o,t,e,l
1572,s,w,o,r,d
1573,c,l,e,a,t
1574,m,a,n,g,o
1575,r,u,m,b,a
1576,p,u,f,f,y
1577,f,i,l,l,y
1578,b,i,l,l,y
1579,l,e,a,s,h
1580,c,l,o,u,t
1581,d,a,n,c,e
1582,o,v,a,t,e
1583,f,a,c,e,t
1584,c,h,i,l,i
1585,p,a,i,n,t
1586,l,i,n,e,r
1587,c,u,r,i,o
1588,s,a,l,t,y
1589,a,u,d,i,o
1590,s,n,a,k,e
1591,f,a,b,l,e
1592,c,l,o,a,k
1593,n,a,v,e,l
1594,s,p,u,r,t
1595,p,e,s,t,o
1596,b,a,l,m,y
1597,f,l,a,s,h
1598,u,n,w,e,d
1599,e,a,r,l,y
1600,c,h,u,r,n
1601,w,e,e,d,y
1602,s,t,u,m,p
1603,l,e,a,s,e
1604,w,i,t,t,y
1605,w,i,m,p,y
1606,s,p,o,o,f
1607,s,a,n,e,r
1608,b,l,e,n,d
1609,s,a,l,s,a
1610,t,h,i,c,k
1611,w,a,r,t,y
1612,m,a,n,i,c
1613,b,l,a,r,e
1614,s,q,u,i,b
1615,s,p,o,o,n
1616,p,r,o,b,e
1617,c,r,e,p,e
1618,k,n,a,c,k
1619,f,o,r,c,e
1620,d,e,b,u,t
1621,o,r,d,e,r
1622,h,a,s,t,e
1623,t,e,e,t,h
1624,a,g,e,n,t
1625,w,i,d,e,n
1626,i,c,i,l,y
1627,s,l,i,c,e
1628,i,n,g,o,t
1629,c,l,a,s,h
1630,j,u,r,o,r
1631,b,l,o,o,d
1632,a,b,o,d,e
1633,t,h,r,o,w
1634,u,n,i,t,y
1635,p,i,v,o,t
1636,s,l,e,p,t
1637,t,r,o,o,p
1638,s,p,a,r,e
1639,s,e,w,e,r
1640,p,a,r,s,e
1641,m,o,r,p,h
1642,c,a,c,t,i
1643,t,a,c,k,y
1644,s,p,o,o,l
1645,d,e,m,o,n
1646,m,o,o,d,y
1647,a,n,n,e,x
1648,b,e,g,i,n
1649,f,u,z,z,y
1650,p,a,t,c,h
1651,w,a,t,e,r
1652,l,u,m,p,y
1653,a,d,m,i,n
1654,o,m,e,g,a
1655,l,i,m,i,t
1656,t,a,b,b,y
1657,m,a,c,h,o
1658,a,i,s,l,e
1659,s,k,i,f,f
1660,b,a,s,i,s
1661,p,l,a,n,k
1662,v,e,r,g,e
1663,b,o,t,c,h
1664,c,r,a,w,l
1665,l,o,u,s,y
1666,s,l,a,i,n
1667,c,u,b,i,c
1668,r,a,i,s,e
1669,w,r,a,c,k
1670,g,u,i,d,e
1671,f,o,i,s,t
1672,c,a,m,e,o
1673,u,n,d,e,r
1674,a,c,t,o,r
1675,r,e,v,u,e
1676,f,r,a,u,d
1677,h,a,r,p,y
1678,s,c,o,o,p
1679,c,l,i,m,b
1680,r,e,f,e,r
1681,o,l,d,e,n
1682,c,l,e,r,k
1683,d,e,b,a,r
1684,t,a,l,l,y
1685,e,t,h,i,c
1686,c,a,i,r,n
1687,t,u,l,l,e
1688,g,h,o,u,l
1689,h,i,l,l,y
1690,c,r,u,d,e
1691,a,p,a,r,t
1692,s,c,a,l,e
1693,o,l,d,e,r
1694,p,l,a,i,n
1695,s,p,e,r,m
1696,b,r,i,n,y
1697,a,b,b,o,t
1698,r,e,r,u,n
1699,q,u,e,s,t
1700,c,r,i,s,p
1701,b,o,u,n,d
1702,b,e,f,i,t
1703,d,r,a,w,n
1704,s,u,i,t,e
1705,i,t,c,h,y
1706,c,h,e,e,r
1707,b,a,g,e,l
1708,g,u,e,s,s
1709,b,r,o,a,d
1710,a,x,i,o,m
1711,c,h,a,r,d
1712,c,a,p,u,t
1713,l,e,a,n,t
1714,h,a,r,s,h
1715,c,u,r,s,e
1716,p,r,o,u,d
1717,s,w,i,n,g
1718,o,p,i,n,e
1719,t,a,s,t,e
1720,l,u,p,u,s
1721,g,u,m,b,o
1722,m,i,n,e,r
1723,g,r,e,e,n
1724,c,h,a,s,m
1725,l,i,p,i,d
1726,t,o,p,i,c
1727,a,r,m,o,r
1728,b,r,u,s,h
1729,c,r,a,n,e
1730,m,u,r,a,l
1731,a,b,l,e,d
1732,h,a,b,i,t
1733,b,o,s,s,y
1734,m,a,k,e,r
1735,d,u,s,k,y
1736,d,i,z,z,y
1737,l,i,t,h,e
1738,b,r,o,o,k
1739,j,a,z,z,y
1740,f,i,f,t,y
1741,s,e,n,s,e
1742,g,i,a,n,t
1743,s,u,r,l,y
1744,l,e,g,a,l
1745,f,a,t,a,l
1746,f,l,u,n,k
1747,b,e,g,a,n
1748,p,r,u,n,e
1749,s,m,a,l,l
1750,s,l,a,n,t
1751,s,c,o,f,f
1752,t,o,r,u,s
1753,n,i,n,n,y
1754,c,o,v,e,y
1755,v,i,p,e,r
1756,t,a,k,e,n
1757,m,o,r,a,l
1758,v,o,g,u,e
1759,o,w,i,n,g
1760,t,o,k,e,n
1761,e,n,t,r,y
1762,b,o,o,t,h
1763,v,o,t,e,r
1764,c,h,i,d,e
1765,e,l,f,i,n
1766,e,b,o,n,y
1767,n,e,i,g,h
1768,m,i,n,i,m
1769,m,e,l,o,n
1770,k,n,e,e,d
1771,d,e,c,o,y
1772,v,o,i,l,a
1773,a,n,k,l,e
1774,a,r,r,o,w
1775,m,u,s,h,y
1776,t,r,i,b,e
1777,c,e,a,s,e
1778,e,a,g,e,r
1779,b,i,r,t,h
1780,g,r,a,p,h
1781,o,d,d,e,r
1782,t,e,r,r,a
1783,w,e,i,r,d
1784,t,r,i,e,d
1785,c,l,a,c,k
1786,c,o,l,o,r
1787,r,o,u,g,h
1788,w,e,i,g,h
1789,u,n,c,u,t
1790,l,a,d,l,e
1791,s,t,r,i,p
1792,c,r,a,f,t
1793,m,i,n,u,s
1794,d,i,c,e,y
1795,t,i,t,a,n
1796,l,u,c,i,d
1797,v,i,c,a,r
1798,d,r,e,s,s
1799,d,i,t,c,h
1800,g,y,p,s,y
1801,p,a,s,t,a
1802,t,a,f,f,y
1803,f,l,a,m,e
1804,s,w,o,o,p
1805,a,l,o,o,f
1806,s,i,g,h,t
1807,b,r,o,k,e
1808,t,e,a,r,y
1809,c,h,a,r,t
1810,s,i,x,t,y
1811,w,o,r,d,y
1812,s,h,e,e,r
1813,l,e,p,e,r
1814,n,o,s,e,y
1815,b,u,l,g,e
1816,s,a,v,o,r
1817,c,l,a,m,p
1818,f,u,n,k,y
1819,f,o,a,m,y
1820,t,o,x,i,c
1821,b,r,a,n,d
1822,p,l,u,m,b
1823,d,i,n,g,y
1824,b,u,t,t,e
1825,d,r,i,l,l
1826,t,r,i,p,e
1827,b,i,c,e,p
1828,t,e,n,o,r
1829,k,r,i,l,l
1830,w,o,r,s,e
1831,d,r,a,m,a
1832,h,y,e,n,a
1833,t,h,i,n,k
1834,r,a,t,i,o
1835,c,o,b,r,a
1836,b,a,s,i,l
1837,s,c,r,u,m
1838,b,u,s,e,d
1839,p,h,o,n,e
1840,c,o,u,r,t
1841,c,a,m,e,l
1842,p,r,o,o,f
1843,h,e,a,r,d
1844,a,n,g,e,l
1845,p,e,t,a,l
1846,p,o,u,t,y
1847,t,h,r,o,b
1848,m,a,y,b,e
1849,f,e,t,a,l
1850,s,p,r,i,g
1851,s,p,i,n,e
1852,s,h,o,u,t
1853,c,a,d,e,t
1854,m,a,c,r,o
1855,d,o,d,g,y
1856,s,a,t,y,r
1857,r,a,r,e,r
1858,b,i,n,g,e
1859,t,r,e,n,d
1860,n,u,t,t,y
1861,l,e,a,p,t
1862,a,m,i,s,s
1863,s,p,l,i,t
1864,m,y,r,r,h
1865,w,i,d,t,h
1866,s,o,n,a,r
1867,t,o,w,e,r
1868,b,a,r,o,n
1869,f,e,v,e,r
1870,w,a,v,e,r
1871,s,p,a,r,k
1872,b,e,l,i,e
1873,s,l,o,o,p
1874,e,x,p,e,l
1875,s,m,o,t,e
1876,b,a,l,e,r
1877,a,b,o,v,e
1878,n,o,r,t,h
1879,w,a,f,e,r
1880,s,c,a,n,t
1881,f,r,i,l,l
1882,a,w,a,s,h
1883,s,n,a,c,k
1884,s,c,o,w,l
1885,f,r,a,i,l
1886,d,r,i,f,t
1887,l,i,m,b,o
1888,f,e,n,c,e
1889,m,o,t,e,l
1890,o,u,n,c,e
1891,w,r,e,a,k
1892,r,e,v,e,l
1893,t,a,l,o,n
1894,p,r,i,o,r
1895,k,n,e,l,t
1896,c,e,l,l,o
1897,f,l,a,k,e
1898,d,e,b,u,g
1899,a,n,o,d,e
1900,c,r,i,m,e
1901,s,a,l,v,e
1902,s,c,o,u,t
1903,i,m,b,u,e
1904,p,i,n,k,y
1905,s,t,a,v,e
1906,v,a,g,u,e
1907,c,h,o,c,k
1908,f,i,g,h,t
1909,v,i,d,e,o
1910,s,t,o,n,e
1911,t,e,a,c,h
1912,c,l,e,f,t
1913,f,r,o,s,t
1914,p,r,a,w,n
1915,b,o,o,t,y
1916,t,w,i,s,t
1917,a,p,n,e,a
1918,s,t,i,f,f
1919,p,l,a,z,a
1920,l,e,d,g,e
1921,t,w,e,a,k
1922,b,o,a,r,d
1923,g,r,a,n,t
1924,m,e,d,i,c
1925,b,a,c,o,n
1926,c,a,b,l,e
1927,b,r,a,w,l
1928,s,l,u,n,k
1929,r,a,s,p,y
1930,f,o,r,u,m
1931,d,r,o,n,e
1932,w,o,m,e,n
1933,m,u,c,u,s
1934,b,o,a,s,t
1935,t,o,d,d,y
1936,c,o,v,e,n
1937,t,u,m,o,r
1938,t,r,u,e,r
1939,w,r,a,t,h
1940,s,t,a,l,l
1941,s,t,e,a,m
1942,a,x,i,a,l
1943,p,u,r,e,r
1944,d,a,i,l,y
1945,t,r,a,i,l
1946,n,i,c,h,e
1947,m,e,a,l,y
1948,j,u,i,c,e
1949,n,y,l,o,n
1950,p,l,u,m,p
1951,m,e,r,r,y
1952,f,l,a,i,l
1953,p,a,p,a,l
1954,w,h,e,a,t
1955,b,e,r,r,y
1956,c,o,w,e,r
1957,e,r,e,c,t
1958,b,r,u,t,e
1959,l,e,g,g,y
1960,s,n,i,p,e
1961,s,i,n,e,w
1962,s,k,i,e,r
1963,p,e,n,n,y
1964,j,u,m,p,y
1965,r,a,l,l,y
1966,u,m,b,r,a
1967,s,c,a,r,y
1968,m,o,d,e,m
1969,g,r,o,s,s
1970,a,v,i,a,n
1971,g,r,e,e,d
1972,s,a,t,i,n
1973,t,o,n,i,c
1974,p,a,r,k,a
1975,s,n,i,f,f
1976,l,i,v,i,d
1977,s,t,a,r,k
1978,t,r,u,m,p
1979,g,i,d,d,y
1980,r,e,u,s,e
1981,t,a,b,o,o
1982,a,v,o,i,d
1983,q,u,o,t,e
1984,d,e,v,i,l
1985,l,i,k,e,n
1986,g,l,o,s,s
1987,g,a,y,e,r
1988,b,e,r,e,t
1989,n,o,i,s,e
1990,g,l,a,n,d
1991,d,e,a,l,t
1992,s,l,i,n,g
1993,r,u,m,o,r
1994,o,p,e,r,a
1995,t,h,i,g,h
1996,t,o,n,g,a
1997,f,l,a,r,e
1998,w,o,u,n,d
1999,w,h,i,t,e
2000,b,u,l,k,y
2001,e,t,u,d,e
2002,h,o,r,s,e
2003,c,i,r,c,a
2004,p,a,d,d,y
2005,i,n,b,o,x
2006,f,i,z,z,y
2007,g,r,a,i,n
2008,e,x,e,r,t
2009,s,u,r,g,e
2010,g,l,e,a,m
2011,b,e,l,l,e
2012,s,a,l,v,o
2013,c,r,u,s,h
2014,f,r,u,i,t
2015,s,a,p,p,y
2016,t,a,k,e,r
2017,t,r,a,c,t
2018,o,v,i,n,e
2019,s,p,i,k,y
2020,f,r,a,n,k
2021,r,e,e,d,y
2022,f,i,l,t,h
2023,s,p,a,s,m
2024,h,e,a,v,e
2025,m,a,m,b,o
2026,r,i,g,h,t
2027,c,l,a,n,k
2028,t,r,u,s,t
2029,l,u,m,e,n
2030,b,o,r,n,e
2031,s,p,o,o,k
2032,s,a,u,c,e
2033,a,m,b,e,r
2034,l,a,t,h,e
2035,c,a,r,a,t
2036,c,o,r,e,r
2037,d,i,r,t,y
2038,s,l,y,l,y
2039,a,f,f,i,x
2040,a,l,l,o,y
2041,t,a,i,n,t
2042,s,h,e,e,p
2043,k,i,n,k,y
2044,w,o,o,l,y
2045,m,a,u,v,e
2046,f,l,u,n,g
2047,y,a,c,h,t
2048,f,r,i,e,d
2049,q,u,a,i,l
2050,b,r,u,n,t
2051,g,r,i,m,y
2052,c,u,r,v,y
2053,c,a,g,e,y
2054,r,i,n,s,e
2055,d,e,u,c,e
2056,s,t,a,t,e
2057,g,r,a,s,p
2058,m,i,l,k,y
2059,b,i,s,o,n
2060,g,r,a,f,t
2061,s,a,n,d,y
2062,b,a,s,t,e
2063,f,l,a,s,k
2064,h,e,d,g,e
2065,g,i,r,l,y
2066,s,w,a,s,h
2067,b,o,n,e,y
2068,c,o,u,p,e
2069,e,n,d,o,w
2070,a,b,h,o,r
2071,w,e,l,c,h
2072,b,l,a,d,e
2073,t,i,g,h,t
2074,g,e,e,s,e
2075,m,i,s,e,r
2076,m,i,r,t,h
2077,c,l,o,u,d
2078,c,a,b,a,l
2079,l,e,e,c,h
2080,c,l,o,s,e
2081,t,e,n,t,h
2082,p,e,c,a,n
2083,d,r,o,i,t
2084,g,r,a,i,l
2085,c,l,o,n,e
2086,g,u,i,s,e
2087,r,a,l,p,h
2088,t,a,n,g,o
2089,b,i,d,d,y
2090,s,m,i,t,h
2091,m,o,w,e,r
2092,p,a,y,e,e
2093,s,e,r,i,f
2094,d,r,a,p,e
2095,f,i,f,t,h
2096,s,p,a,n,k
2097,g,l,a,z,e
2098,a,l,l,o,t
2099,t,r,u,c,k
2100,k,a,y,a,k
2101,v,i,r,u,s
2102,t,e,s,t,y
2103,t,e,p,e,e
2104,f,u,l,l,y
2105,z,o,n,a,l
2106,m,e,t,r,o
2107,c,u,r,r,y
2108,g,r,a,n,d
2109,b,a,n,j,o
2110,a,x,i,o,n
2111,b,e,z,e,l
2112,o,c,c,u,r
2113,c,h,a,i,n
2114,n,a,s,a,l
2115,g,o,o,e,y
2116,f,i,l,e,r
2117,b,r,a,c,e
2118,a,l,l,a,y
2119,p,u,b,i,c
2120,r,a,v,e,n
2121,p,l,e,a,d
2122,g,n,a,s,h
2123,f,l,a,k,y
2124,m,u,n,c,h
2125,d,u,l,l,y
2126,e,k,i,n,g
2127,t,h,i,n,g
2128,s,l,i,n,k
2129,h,u,r,r,y
2130,t,h,e,f,t
2131,s,h,o,r,n
2132,p,y,g,m,y
2133,r,a,n,c,h
2134,w,r,i,n,g
2135,l,e,m,o,n
2136,s,h,o,r,e
2137,m,a,m,m,a
2138,f,r,o,z,e
2139,n,e,w,e,r
2140,s,t,y,l,e
2141,m,o,o,s,e
2142,a,n,t,i,c
2143,d,r,o,w,n
2144,v,e,g,a,n
2145,c,h,e,s,s
2146,g,u,p,p,y
2147,u,n,i,o,n
2148,l,e,v,e,r
2149,l,o,r,r,y
2150,i,m,a,g,e
2151,c,a,b,b,y
2152,d,r,u,i,d
2153,e,x,a,c,t
2154,t,r,u,t,h
2155,d,o,p,e,y
2156,s,p,e,a,r
2157,c,r,i,e,d
2158,c,h,i,m,e
2159,c,r,o,n,y
2160,s,t,u,n,k
2161,t,i,m,i,d
2162,b,a,t,c,h
2163,g,a,u,g,e
2164,r,o,t,o,r
2165,c,r,a,c,k
2166,c,u,r,v,e
2167,l,a,t,t,e
2168,w,i,t,c,h
2169,b,u,n,c,h
2170,r,e,p,e,l
2171,a,n,v,i,l
2172,s,o,a,p,y
2173,m,e,t,e,r
2174,b,r,o,t,h
2175,m,a,d,l,y
2176,d,r,i,e,d
2177,s,c,e,n,e
2178,k,n,o,w,n
2179,m,a,g,m,a
2180,r,o,o,s,t
2181,w,o,m,a,n
2182,t,h,o,n,g
2183,p,u,n,c,h
2184,p,a,s,t,y
2185,d,o,w,n,y
2186,k,n,e,a,d
2187,w,h,i,r,l
2188,r,a,p,i,d
2189,c,l,a,n,g
2190,a,n,g,e,r
2191,d,r,i,v,e
2192,g,o,o,f,y
2193,e,m,a,i,l
2194,m,u,s,i,c
2195,s,t,u,f,f
2196,b,l,e,e,p
2197,r,i,d,e,r
2198,m,e,c,c,a
2199,f,o,l,i,o
2200,s,e,t,u,p
2201,v,e,r,s,o
2202,q,u,a,s,h
2203,f,a,u,n,a
2204,g,u,m,m,y
2205,h,a,p,p,y
2206,n,e,w,l,y
2207,f,u,s,s,y
2208,r,e,l,i,c
2209,g,u,a,v,a
2210,r,a,t,t,y
2211,f,u,d,g,e
2212,f,e,m,u,r
2213,c,h,i,r,p
2214,f,o,r,t,e
2215,a,l,i,b,i
2216,w,h,i,n,e
2217,p,e,t,t,y
2218,g,o,l,l,y
2219,p,l,a,i,t
2220,f,l,e,c,k
2221,f,e,l,o,n
2222,g,o,u,r,d
2223,b,r,o,w,n
2224,t,h,r,u,m
2225,f,i,c,u,s
2226,s,t,a,s,h
2227,d,e,c,r,y
2228,w,i,s,e,r
2229,j,u,n,t,a
2230,v,i,s,o,r
2231,d,a,u,n,t
2232,s,c,r,e,e
2233,i,m,p,e,l
2234,a,w,a,i,t
2235,p,r,e,s,s
2236,w,h,o,s,e
2237,t,u,r,b,o
2238,s,t,o,o,p
2239,s,p,e,a,k
2240,m,a,n,g,y
2241,e,y,i,n,g
2242,i,n,l,e,t
2243,c,r,o,n,e
2244,p,u,l,s,e
2245,m,o,s,s,y
2246,s,t,a,i,d
2247,h,e,n,c,e
2248,p,i,n,c,h
2249,t,e,d,d,y
2250,s,u,l,l,y
2251,s,n,o,r,e
2252,r,i,p,e,n
2253,s,n,o,w,y
2254,a,t,t,i,c
2255,g,o,i,n,g
2256,l,e,a,c,h
2257,m,o,u,t,h
2258,h,o,u,n,d
2259,c,l,u,m,p
2260,t,o,n,a,l
2261,b,i,g,o,t
2262,p,e,r,i,l
2263,p,i,e,c,e
2264,b,l,a,m,e
2265,h,a,u,t,e
2266,s,p,i,e,d
2267,u,n,d,i,d
2268,i,n,t,r,o
2269,b,a,s,a,l
2270,s,h,i,n,e
2271,g,e,c,k,o
2272,r,o,d,e,o
2273,g,u,a,r,d
2274,s,t,e,e,r
2275,l,o,a,m,y
2276,s,c,a,m,p
2277,s,c,r,a,m
2278,m,a,n,l,y
2279,h,e,l,l,o
2280,v,a,u,n,t
2281,o,r,g,a,n
2282,f,e,r,a,l
2283,k,n,o,c,k
2284,e,x,t,r,a
2285,c,o,n,d,o
2286,a,d,a,p,t
2287,w,i,l,l,y
2288,p,o,l,k,a
2289,r,a,y,o,n
2290,s,k,i,r,t
2291,f,a,i,t,h
2292,t,o,r,s,o
2293,m,a,t,c,h
2294,m,e,r,c,y
2295,t,e,p,i,d
2296,s,l,e,e,k
2297,r,i,s,e,r
2298,t,w,i,x,t
2299,p,e,a,c,e
2300,f,l,u,s,h
2301,c,a,t,t,y
2302,l,o,g,i,n
2303,e,j,e,c,t
2304,r,o,g,e,r
2305,r,i,v,a,l
2306,u,n,t,i,e
2307,r,e,f,i,t
2308,a,o,r,t,a
2309,a,d,u,l,t
2310,j,u,d,g,e
2311,r,o,w,e,r
2312,a,r,t,s,y
2313,r,u,r,a,l
2314,s,h,a,v,e
